ល.រ,អត្តលេខ,ឈ្មោះ,ភេទ
1,DUC2024-0002,កាំង ប៊ុនឆៃ,ប
2,DUC2024-0025,ក្វាវ មេសា,ប
3,DUC2024-0045,គង់ បារាំង,ប
4,DUC2024-0083,ងួន​ វណ្ណ,ប
5,DUC2024-0119,ឆៃ សោភា,ស
6,DUC2024-0137,ឈន សុវណ្ណៈ,ប
7,DUC2024-0140,ឈឹម ម៉ាលីន,ស
8,DUC2024-0147,ឈឿត ណារិទ្ធ,ប
9,DUC2024-0150,ញ៉ នេត,ប
10,DUC2024-0172,ដួង សុភី,ស
11,DUC2024-0215,តេង ស្រីអូន,ស
12,DUC2024-0271,នាង ណាន់,ប
13,DUC2024-0277,នី ណែត,ប
14,DUC2024-0281,នឹង​​ កក្កដា,ស
15,DUC2024-0294,នៀម ស្រីនិត,ស
16,DUC2024-0313,បាវ ចាន់ណា,ប
17,DUC2024-0375,ពៅ បញ្ញា,ប
18,DUC2024-0378,ពៅ​ រដ្ឋា,ស
19,DUC2024-0380,ព្រំ សុភ័ក្រ,ស
20,DUC2024-0395,ភុក ផាន់ណា,ប
21,DUC2024-0415,ម៉ឹង មិ,ប
22,DUC2024-0575,វ៉ា ម៉ានី,ស
23,DUC2024-0469,យ៉េង ថាវី,ស
24,DUC2024-0514,រួន បុលិមុន្នី,ស
25,DUC2024-0527,រ៉េន គឹមរ៉ុង,ប
26,DUC2024-0530,រ៉ែម​ សុនិច្ច,ប
27,DUC2024-0556,លួន ណាវី,ស
28,DUC2024-0576,វ៉ាង មីនា,ប
29,DUC2024-0591,វិន ចាន់សុជាតិ,ប
30,DUC2024-0609,វ៉េន ស្រីលាក់,ស
31,DUC2024-0613,សំ ប្រោន,ប
32,DUC2024-0616,ស៊ត មួយឆេង,ស
33,DUC2024-0626,សយ ឡុង,ស
34,DUC2024-0695,ស៊ុម​ យូអុី,ស
35,DUC2024-0696,សុស សូវីណាន់,ប
36,DUC2024-0703,សួស​ បញ្ញា,ប
37,DUC2024-0712,សឿន វិសាល,ប
38,DUC2024-0734,សេវ ហៀល,ប
39,DUC2024-0746,សៅ បញ្ញា,ប
40,DUC2024-0747,សៅ រ៉ាម៉ន,ប
41,DUC2024-0786,ហូរ កែវ,ស
42,DUC2024-0838,អាង ស៊ីនិន,ប
43,DUC2024-0855,អ៊ុន សុខេណារីម,ប
